id,prediction,true_class,gender
2m_9039,2,2,m
4f_1887,4,4,f
4f_9571,3,4,f
1m_3736,1,1,m
1m_3078,1,1,m
1f_8927,1,1,f
2m_7982,4,2,m
4m_6912,5,4,m
2f_7836,2,2,f
1f_3133,1,1,f
1f_5542,1,1,f
1f_7433,1,1,f
3m_6786,3,3,m
5m_1415,2,5,m
1m_5384,1,1,m
3f_2440,3,3,f
2m_6493,2,2,m
1f_2577,1,1,f
4f_8848,3,4,f
2m_2408,2,2,m
1f_5797,1,1,f
2m_1115,2,2,m
1f_2946,1,1,f
1m_5623,1,1,m
2m_5373,2,2,m
2m_2434,2,2,m
5f_4630,5,5,f
2m_1897,2,2,m
2f_3852,2,2,f
5f_8778,4,5,f
3m_3417,3,3,m
2m_4051,2,2,m
3m_4378,3,3,m
2f_6094,2,2,f
2f_2219,2,2,f
3f_9065,3,3,f
1m_5192,1,1,m
4f_2829,2,4,f
4f_6497,4,4,f
4m_5994,4,4,m
4m_5980,4,4,m
4m_9162,4,4,m
2f_7413,2,2,f
2f_7375,2,2,f
4m_4320,4,4,m
4m_6279,4,4,m
3f_7706,3,3,f
1f_6261,1,1,f
2f_2557,2,2,f
1f_4476,1,1,f
2f_5238,2,2,f
1f_6507,1,1,f
1m_2992,1,1,m
3m_2133,3,3,m
2f_2392,2,2,f
4f_1515,3,4,f
2f_6692,2,2,f
4f_7602,4,4,f
5m_6795,5,5,m
3m_1374,3,3,m
4m_4240,4,4,m
3f_6544,3,3,f
4f_7831,4,4,f
1f_3251,1,1,f
5m_1763,5,5,m
2f_1670,3,2,f
2f_8132,2,2,f
1f_5608,1,1,f
3f_8555,3,3,f
4f_2975,3,4,f
2f_2423,2,2,f
2m_5777,2,2,m
3m_6631,3,3,m
1m_2574,1,1,m
3f_1968,3,3,f
2f_5833,2,2,f
2m_4327,2,2,m
3f_8958,3,3,f
1m_1069,1,1,m
3m_7261,3,3,m
1m_6935,1,1,m
3f_3158,3,3,f
4f_6093,3,4,f
1m_1928,1,1,m
4f_2593,2,4,f
2f_1314,2,2,f
2f_9990,2,2,f
1m_6909,1,1,m
4f_9388,5,4,f
1f_6665,1,1,f
1f_9556,1,1,f
5m_8579,4,5,m
5m_4425,5,5,m
5f_6387,3,5,f
4m_9229,5,4,m
1f_6102,1,1,f
1f_6664,1,1,f
5m_4356,5,5,m
5m_3411,2,5,m
2f_3516,2,2,f
5m_3405,5,5,m
2m_2964,2,2,m
4m_9567,5,4,m
1f_1137,1,1,f
1f_8846,1,1,f
4m_4916,4,4,m
5f_2650,2,5,f
1m_4104,1,1,m
5f_7728,5,5,f
2f_4286,2,2,f
1f_8852,1,1,f
5f_3228,5,5,f
4f_6051,4,4,f
1f_5392,1,1,f
2m_6928,2,2,m
1f_9755,1,1,f
1f_8305,1,1,f
2f_7566,2,2,f
1m_5781,1,1,m
1m_4312,1,1,m
1f_8488,1,1,f
2m_7439,2,2,m
4f_1514,4,4,f
2m_5560,2,2,m
3m_5649,3,3,m
2f_9588,2,2,f
4m_4296,2,4,m
1f_5190,1,1,f
4f_2021,4,4,f
4m_7953,4,4,m
2f_8682,2,2,f
4f_7978,4,4,f
5f_6797,5,5,f
5m_6145,5,5,m
1f_6512,1,1,f
5m_5458,5,5,m
2m_1699,2,2,m
1m_2830,1,1,m
2m_4911,2,2,m
3f_6425,3,3,f
4m_3328,4,4,m
3f_5892,3,3,f
1f_1255,1,1,f
4m_6244,4,4,m
4m_8269,4,4,m
4f_8450,4,4,f
3m_8543,3,3,m
3m_7670,3,3,m
2m_4050,2,2,m
5m_2492,4,5,m
1f_9184,1,1,f
2m_1672,2,2,m
1m_5622,1,1,m
1f_2947,1,1,f
2m_9548,2,2,m
2m_1114,2,2,m
1m_1450,1,1,m
4m_3499,3,4,m
1m_3247,1,1,m
2m_5366,2,2,m
1m_5636,1,1,m
4m_7199,4,4,m
1f_7195,1,1,f
4m_1067,4,4,m
4m_8725,4,4,m
3f_1612,3,3,f
1f_8729,1,1,f
3f_1174,3,3,f
4m_1073,2,4,m
2m_4285,2,2,m
1f_4107,1,1,f
1m_1685,1,1,m
5f_2903,5,5,f
4m_2220,3,4,m
2f_3462,2,2,f
4m_5229,4,4,m
4m_6913,5,4,m
3m_5265,3,3,m
3m_7314,3,3,m
2m_9010,2,2,m
4m_8094,3,4,m
4f_7575,4,4,f
4m_6907,4,4,m
5m_7930,5,5,m
1f_3683,1,1,f
3m_2536,3,3,m
2m_5616,4,2,m
3m_8769,3,3,m
2m_9986,2,2,m
5m_8397,5,5,m
5f_2068,3,5,f
5f_1561,5,5,f
3m_9461,3,3,m
2m_9984,2,2,m
4m_3699,3,4,m
4m_3841,5,4,m
4f_4724,4,4,f
1f_1082,1,1,f
3m_4151,3,3,m
3m_1767,3,3,m
1m_4714,1,1,m
1f_8071,1,1,f
1m_7590,1,1,m
4f_2382,3,4,f
3m_3825,3,3,m
3f_7249,3,3,f
3m_2285,3,3,m
2f_6530,3,2,f
5m_1358,2,5,m
3f_7513,3,3,f
3f_8620,3,3,f
3f_3775,3,3,f
3m_8541,3,3,m
5f_6030,5,5,f
1m_6473,1,1,m
4f_8452,4,4,f
1m_2615,1,1,m
1f_9838,1,1,f
2f_5207,2,2,f
4f_7946,4,4,f
1m_9973,1,1,m
4f_6494,4,4,f
1f_2004,1,1,f
1f_9145,1,1,f
1f_9623,1,1,f
1f_9964,1,1,f
2m_8046,2,2,m
3f_5099,3,3,f
4f_6537,4,4,f
3f_4393,3,3,f
2m_5210,2,2,m
5f_9277,5,5,f
4f_8254,4,4,f
5f_5459,4,5,f
1f_7752,1,1,f
4m_3538,4,4,m
5m_1760,4,5,m
3f_7895,3,3,f
3f_6553,3,3,f
4m_8479,4,4,m
4m_9997,4,4,m
4m_7762,3,4,m
5m_9466,4,5,m
2m_2594,2,2,m
4f_2976,4,4,f
2m_6080,2,2,m
4m_8445,4,4,m
1f_6464,1,1,f
5m_3639,3,5,m
4f_6735,4,4,f
1f_3093,1,1,f
5f_8431,2,5,f
3f_1943,3,3,f
4m_8874,4,4,m
4m_4096,4,4,m
3f_2292,5,3,f
3m_4025,3,3,m
4m_6695,5,4,m
1f_1690,1,1,f
4f_8042,3,4,f
1f_6869,1,1,f
1m_2211,1,1,m
3f_6751,3,3,f
1f_2428,1,1,f
3f_1980,3,3,f
3m_3945,3,3,m
5m_8546,2,5,m
1f_9569,1,1,f
1m_5581,1,1,m
1f_5353,1,1,f
1m_1081,1,1,m
3f_9476,3,3,f
1f_8111,1,1,f
2f_2150,2,2,f
2f_1459,2,2,f
3m_9298,2,3,m
1f_2401,1,1,f
3m_8839,4,3,m
3m_8187,3,3,m
1f_2367,1,1,f
4m_8120,4,4,m
2f_8468,3,2,f
2f_4534,2,2,f
3m_6800,3,3,m
4f_6085,1,4,f
5m_8553,5,5,m
2f_7015,2,2,f
3m_4781,3,3,m
3m_7288,3,3,m
2m_8286,2,2,m
4m_9216,4,4,m
4m_6125,4,4,m
2f_1470,1,2,f
5m_7674,5,5,m
5m_5063,5,5,m
2f_2192,2,2,f
3m_4018,3,3,m
3m_8150,3,3,m
2f_3298,2,2,f
4m_6694,4,4,m
5m_8590,5,5,m
2m_8537,3,2,m
5f_6409,5,5,f
4f_6720,3,4,f
4f_3658,2,4,f
1f_4925,1,1,f
4f_9407,4,4,f
4f_6052,3,4,f
2m_1261,4,2,m
5f_8356,5,5,f
5f_3203,5,5,f
5f_5672,3,5,f
5f_6838,3,5,f
2f_7217,2,2,f
4f_5956,3,4,f
4f_6293,4,4,f
3f_9107,3,3,f
1f_1444,1,1,f
1f_9018,1,1,f
3m_8346,3,3,m
4f_5771,2,4,f
4f_1517,4,4,f
4f_5003,4,4,f
4m_5809,4,4,m
4f_1265,4,4,f
2m_7348,2,2,m
2m_4669,2,2,m
4f_6522,5,4,f
2m_7360,2,2,m
3m_6431,3,3,m
4f_5759,4,4,f
1f_9965,1,1,f
4f_6250,4,4,f
1m_8517,1,1,m
5m_9261,2,5,m
2m_8866,2,2,m
2m_3927,2,2,m
1f_6505,1,1,f
4m_3471,5,4,m
2m_1856,3,2,m
5m_4751,5,5,m
4m_6521,4,4,m
3f_5885,3,3,f
3f_2126,3,3,f
5m_9249,2,5,m
1f_1530,1,1,f
1f_8272,1,1,f
4f_8447,4,4,f
5m_5498,5,5,m
4f_1305,4,4,f
2m_4047,2,2,m
3m_7673,3,3,m
2m_9577,2,2,m
3f_9932,3,3,f
3m_2045,3,3,m
3m_9110,3,3,m
3m_6223,3,3,m
1f_3496,1,1,f
5f_1762,1,5,f
2m_1117,2,2,m
5f_9458,5,5,f
5f_5262,5,5,f
5m_8194,4,5,m
3m_8795,3,3,m
2f_2025,5,2,f
5f_9869,1,5,f
1f_7419,1,1,f
1f_5226,1,1,f
5m_7714,5,5,m
5m_8427,5,5,m
3m_4193,3,3,m
5f_7139,5,5,f
4m_6904,4,4,m
4f_6668,1,4,f
2f_2958,2,2,f
1m_8649,1,1,m
5f_2733,4,5,f
4m_8083,4,4,m
1f_6934,1,1,f
3f_6195,3,3,f
2f_8291,2,2,f
4m_3840,3,4,m
1f_3694,1,1,f
2m_8325,2,2,m
2m_7016,2,2,m
4f_3738,3,4,f
5m_8396,5,5,m
1f_3680,1,1,f
1m_9221,1,1,m
5f_7129,5,5,f
1m_4705,1,1,m
5m_6383,5,5,m
1f_9395,1,1,f
2f_2948,2,2,f
2f_7824,1,2,f
5f_9138,5,5,f
4m_4681,4,4,m
1f_5587,1,1,f
1f_1087,1,1,f
4m_2569,3,4,m
1m_8842,1,1,m
2m_2181,3,2,m
1f_9342,1,1,f
5m_4543,2,5,m
3f_3770,3,3,f
2m_6495,2,2,m
3f_2308,3,3,f
5m_9701,5,5,m
1f_3647,1,1,f
4f_8872,4,4,f
4m_2233,4,4,m
1m_6847,1,1,m
3m_2280,3,3,m
2f_7603,2,2,f
1f_9418,1,1,f
4f_1842,4,4,f
3f_9088,3,3,f
1f_9829,1,1,f
4f_8331,4,4,f
2m_6654,2,2,m
1m_8329,1,1,m
1m_9037,1,1,m
5f_7459,2,5,f
1m_9989,1,1,m
1f_3486,1,1,f
5f_5500,1,5,f
5f_3165,4,5,f
4m_1289,4,4,m
4m_2780,4,4,m
2m_8123,2,2,m
4m_1504,5,4,m
4f_8494,4,4,f
3m_8593,3,3,m
5m_5339,3,5,m
3m_7878,3,3,m
5f_8959,5,5,f
4m_1538,4,4,m
2f_3101,2,2,f
3f_4221,4,3,f
2f_4097,2,2,f
2m_9361,2,2,m
5f_6627,1,5,f
1f_5801,1,1,f
5f_1148,5,5,f
3m_7065,3,3,m
3f_8584,3,3,f
5m_6793,5,5,m
1f_7964,1,1,f
2m_2546,2,2,m
2m_4137,2,2,m
1m_1251,1,1,m
3m_7059,3,3,m
4m_5831,2,4,m
1f_7958,1,1,f
3f_6581,3,3,f
4f_4331,5,4,f
5m_6036,5,5,m
5m_4621,1,5,m
2f_4732,2,2,f
5m_6988,4,5,m
3f_3360,3,3,f
1f_8464,1,1,f
5f_4971,4,5,f
3f_5739,3,3,f
3f_7884,3,3,f
3m_5841,3,3,m
4m_7029,4,4,m
4m_3918,4,4,m
5f_2125,5,5,f
2m_2988,2,2,m
1f_1865,1,1,f
3m_1616,3,3,m
3m_3015,3,3,m
3m_3773,3,3,m
1f_9593,1,1,f
5f_7049,4,5,f
4f_3648,2,4,f
1m_3644,1,1,m
4f_3890,3,4,f
3m_3029,3,3,m
2f_9799,1,2,f
1f_7582,1,1,f
3f_3610,3,3,f
5f_2858,1,5,f
3f_1013,3,3,f
3m_8183,3,3,m
3m_1819,3,3,m
4m_4078,4,4,m
3f_8037,3,3,f
1f_6663,1,1,f
4m_3059,4,4,m
4f_8906,3,4,f
1f_3055,1,1,f
3f_3638,3,3,f
2f_5160,2,2,f
2f_8444,2,2,f
4f_4696,4,4,f
2f_9983,2,2,f
5m_9648,5,5,m
3m_8814,3,3,m
1f_5425,1,1,f
3m_6187,3,3,m
2f_8451,2,2,f
3f_7463,3,3,f
3f_9328,3,3,f
4m_4079,4,4,m
4m_8657,4,4,m
1f_6676,1,1,f
1f_8883,1,1,f
2m_5943,2,2,m
1m_1046,1,1,m
5f_3574,4,5,f
2m_3467,2,2,m
4m_5398,4,4,m
1f_5394,1,1,f
4f_4640,4,4,f
5f_3560,2,5,f
3m_6144,3,3,m
3m_8169,3,3,m
3m_1603,3,3,m
3m_8141,3,3,m
4f_1076,4,4,f
4m_7996,4,4,m
2f_1663,2,2,f
4f_7822,4,4,f
1f_7024,1,1,f
4m_2144,5,4,m
3m_6385,3,3,m
3f_2731,3,3,f
1f_1327,1,1,f
4f_9833,4,4,f
3f_2719,3,3,f
5m_4634,3,5,m
4m_3266,4,4,m
2f_2424,2,2,f
2m_4687,2,2,m
5f_6183,2,5,f
4m_5171,4,4,m
4m_4284,4,4,m
1m_5744,1,1,m
2m_5572,2,2,m
2m_8056,2,2,m
1m_7635,1,1,m
1m_7147,1,1,m
4m_2839,5,4,m
5m_8973,5,5,m
2m_4888,2,2,m
3f_8585,3,3,f
1m_6265,1,1,m
2f_1850,4,2,f
3f_5880,3,3,f
4f_6490,4,4,f
4m_6242,4,4,m
4m_3448,4,4,m
2m_2396,2,2,m
2f_4647,2,2,f
2f_5559,2,2,f
5f_5273,1,5,f
4m_6281,4,4,m
2m_1674,2,2,m
4m_6295,4,4,m
4f_4250,4,4,f
4f_4536,4,4,f
1f_9814,1,1,f
2f_7399,2,2,f
5f_5529,3,5,f
1m_9988,1,1,m
4f_5172,4,4,f
2m_6127,1,2,m
2m_2427,3,2,m
5m_1360,2,5,m
5m_8422,3,5,m
5m_5674,5,5,m
3f_4036,3,3,f
4f_4091,4,4,f
1f_1079,1,1,f
3m_8790,3,3,m
4m_3662,5,4,m
1f_4115,1,1,f
2f_4445,2,2,f
1f_6702,1,1,f
2f_9607,2,2,f
1m_8843,1,1,m
1f_4840,1,1,f
1m_5432,1,1,m
2m_3513,2,2,m
1m_1654,1,1,m
4f_6137,2,4,f
3f_4793,3,3,f
5f_7114,4,5,f
4f_2345,3,4,f
3m_8035,3,3,m
5m_5847,1,5,m
3m_7460,4,3,m
5f_9113,2,5,f
4f_2409,4,4,f
2m_2155,2,2,m
5f_4351,2,5,f
3m_5513,3,3,m
2m_2141,2,2,m
2m_9772,2,2,m
4f_9206,4,4,f
1m_5430,1,1,m
2f_9836,2,2,f
3m_1991,3,3,m
1m_8666,1,1,m
2m_1474,4,2,m
4f_7559,4,4,f
5f_8225,5,5,f
3m_9467,3,3,m
5m_2657,5,5,m
4m_3660,4,4,m
5m_4226,5,5,m
1f_8739,1,1,f
1f_4671,1,1,f
3f_3767,3,3,f
4m_8047,4,4,m
1f_6700,1,1,f
1f_1721,1,1,f
1f_8063,1,1,f
1f_5553,1,1,f
1m_9752,1,1,m
3m_6218,3,3,m
3m_9895,3,3,m
1f_7807,1,1,f
5f_9305,1,5,f
4f_9762,4,4,f
4f_6337,4,4,f
4f_8483,3,4,f
4f_2810,4,4,f
1f_1279,1,1,f
2f_1729,2,2,f
1f_4301,1,1,f
5f_1942,5,5,f
4f_2804,4,4,f
4m_5761,4,4,m
2f_3664,2,2,f
4m_2026,5,4,m
1m_1497,1,1,m
2f_8057,2,2,f
1f_7634,1,1,f
1m_9961,1,1,m
4f_7940,5,4,f
4f_5010,4,4,f
4f_1276,4,4,f
4f_5762,4,4,f
3m_1371,3,3,m
5f_3984,2,5,f
3m_6350,3,3,m
1f_2837,1,1,f
3m_9077,3,3,m
1f_2162,1,1,f
3m_2877,3,3,m
4m_1301,4,4,m
2m_8901,2,2,m
2f_9215,2,2,f
5m_9460,5,5,m
4m_1473,4,4,m
1f_6310,1,1,f
3f_6569,3,3,f
5m_8018,5,5,m
1f_7740,1,1,f
4m_7980,4,4,m
4m_1329,4,4,m
2f_3062,2,2,f
1f_5143,1,1,f
5m_4178,5,5,m
2m_2747,2,2,m
3m_3016,3,3,m
2m_9160,2,2,m
4f_6041,5,4,f
3m_8619,3,3,m
3m_4023,3,3,m
5f_3210,5,5,f
2m_5772,2,2,m
1f_1696,1,1,f
2m_4478,2,2,m
4m_7599,4,4,m
5m_2910,5,5,m
2f_3248,2,2,f
5m_6545,5,5,m
5m_7897,5,5,m
4m_2350,4,4,m
5m_1570,5,5,m
2f_7774,2,2,f
4f_3688,4,4,f
5m_5703,5,5,m
3m_8817,3,3,m
2m_9820,2,2,m
3f_4633,3,3,f
1f_7543,1,1,f
5f_2872,5,5,f
4m_1880,4,4,m
4f_8086,4,4,f
4m_1116,5,4,m
2f_7749,1,2,f
2m_2008,2,2,m
4f_4125,4,4,f
2f_8491,2,2,f
1f_4923,1,1,f
1f_3094,1,1,f
4f_9367,4,4,f
1m_8075,1,1,m
4m_8873,4,4,m
2m_5015,2,2,m
3f_4828,3,3,f
3m_6635,3,3,m
2m_3302,4,2,m
1f_1697,1,1,f
4m_9589,2,4,m
2f_2180,3,2,f
4f_6068,4,4,f
4f_7376,4,4,f
3m_6609,3,3,m
2m_6520,2,2,m
1f_9591,1,1,f
4f_3104,4,4,f
5m_4179,5,5,m
3m_7926,3,3,m
1f_5624,1,1,f
4m_4522,4,4,m
1f_6339,1,1,f
1f_2177,1,1,f
2f_6899,2,2,f
1f_5181,1,1,f
4f_9603,4,4,f
2m_8055,2,2,m
1f_2822,1,1,f
2m_5217,2,2,m
1m_9633,1,1,m
2m_2222,2,2,m
2m_2544,2,2,m
4f_3306,4,4,f
1f_7621,1,1,f
3f_9075,3,3,f
2m_1878,2,2,m
4f_9978,4,4,f
1m_2821,1,1,m
1f_6503,1,1,f
2f_9406,2,2,f
1f_9142,1,1,f
4m_3463,4,4,m
3f_8343,3,3,f
1m_4539,1,1,m
2m_6118,2,2,m
5f_8740,1,5,f
1m_3524,1,1,m
3m_3375,3,3,m
4m_9199,4,4,m
4f_9993,4,4,f
4f_6478,4,4,f
2f_3856,3,2,f
2m_8109,2,2,m
2m_9203,2,2,m
3m_8234,3,3,m
2m_4041,4,2,m
4f_1465,4,4,f
1f_5234,1,1,f
5m_7074,5,5,m
4m_6043,4,4,m
1f_2229,1,1,f
2f_2779,2,2,f
1f_9354,1,1,f
4f_4910,4,4,f
1f_8738,1,1,f
4m_3661,4,4,m
4f_8680,4,4,f
3f_9539,3,3,f
1f_6932,1,1,f
2m_1307,4,2,m
2m_7010,2,2,m
2m_1461,4,2,m
4m_5589,5,4,m
2m_1449,2,2,m
4m_4867,4,4,m
4m_8085,4,4,m
1f_8923,1,1,f
2m_2669,4,2,m
4f_6153,4,4,f
3m_7438,3,3,m
5f_8525,4,5,f
1m_7533,1,1,m
4f_4750,4,4,f
3f_4907,3,3,f
2m_2127,2,2,m
5f_6252,4,5,f
5f_9161,4,5,f
1m_6177,1,1,m
1f_2528,1,1,f
5m_7013,5,5,m
2f_9887,2,2,f
3m_3851,3,3,m
2f_3372,2,2,f
2f_9111,2,2,f
4f_8181,3,4,f
5f_2785,4,5,f
2m_6382,2,2,m
4m_8747,2,4,m
1f_5938,1,1,f
3f_5199,3,3,f
5f_1717,5,5,f
1f_2931,1,1,f
4m_7845,4,4,m
2m_8634,2,2,m
4m_2929,4,4,m
4m_9854,4,4,m
2m_4026,2,2,m
3m_6518,3,3,m
5f_6050,5,5,f
5f_9405,4,5,f
5f_1059,3,5,f
5m_2369,5,5,m
5m_7211,5,5,m
1f_1545,1,1,f
1m_2846,1,1,m
1m_7080,1,1,m
5f_1918,4,5,f
1f_6558,1,1,f
5m_9228,5,5,m
4m_2054,4,4,m
4m_8237,3,4,m
5m_2355,5,5,m
4m_3362,4,4,m
1f_4401,1,1,f
1f_4367,1,1,f
1f_2716,1,1,f
3f_3271,3,3,f
3f_1472,3,3,f
3m_7809,3,3,m
4f_9937,4,4,f
2f_4145,2,2,f
3f_9748,3,3,f
3m_9005,3,3,m
1m_7651,1,1,m
2f_3789,2,2,f
2m_2245,2,2,m
5f_4727,4,5,f
5f_3048,2,5,f
3m_3514,3,3,m
4f_8220,3,4,f
5f_4733,3,5,f
4m_9934,4,4,m
1f_9938,1,1,f
4f_7675,4,4,f
1m_7679,1,1,m
1m_9867,1,1,m
1f_1431,1,1,f
3f_2027,3,3,f
3f_4442,3,3,f
3f_6255,3,3,f
1f_5119,1,1,f
1f_2676,1,1,f
3m_8496,3,3,m
5f_3276,5,5,f
2m_8230,3,2,m
1f_4788,1,1,f
5f_3510,3,5,f
1f_7281,1,1,f
4m_1824,5,4,m
2m_7671,2,2,m
4m_3799,2,4,m
5f_5613,3,5,f
1f_8818,1,1,f
2m_2721,2,2,m
5m_6286,5,5,m
4f_1006,3,4,f
4m_8196,4,4,m
2f_6381,2,2,f
4m_8828,3,4,m
2f_5850,2,2,f
4m_3996,4,4,m
3m_6691,3,3,m
1f_1155,1,1,f
3f_6725,3,3,f
4m_9263,4,4,m
5m_5770,1,5,m
4m_6622,5,4,m
1f_7530,1,1,f
4m_4035,4,4,m
1f_6606,1,1,f
2f_5887,2,2,f
2f_5139,2,2,f
2f_4233,2,2,f
3f_3675,3,3,f
1m_3807,1,1,m
1f_4004,1,1,f
2f_9064,2,2,f
2f_1438,2,2,f
3f_8735,3,3,f
1f_9252,1,1,f
2f_5138,2,2,f
5f_6496,5,5,f
2f_8352,2,2,f
3f_6042,3,3,f
5m_7600,5,5,m
1f_3743,1,1,f
2f_5104,2,2,f
1f_9285,1,1,f
4f_7310,4,4,f
2m_2734,2,2,m
4f_3604,4,4,f
3m_5400,3,3,m
5f_4242,5,5,f
4m_4949,2,4,m
4f_4625,4,4,f
4m_2486,4,4,m
2m_8557,3,2,m
5m_8296,5,5,m
3m_4722,3,3,m
4m_6192,4,4,m
5f_7777,2,5,f
5f_9982,2,5,f
4f_6998,4,4,f
3m_8497,3,3,m
1f_7069,1,1,f
1f_6377,1,1,f
4m_4578,4,4,m
3f_9629,3,3,f
4m_1400,4,4,m
1f_6363,1,1,f
3m_7798,3,3,m
1f_3555,1,1,f
4m_5128,4,4,m
1m_9872,1,1,m
2f_7511,2,2,f
4m_2135,4,4,m
2f_5306,2,2,f
3f_3338,3,3,f
2m_9488,4,2,m
1f_6439,1,1,f
3m_3501,3,3,m
2f_1835,2,2,f
4f_3374,4,4,f
3m_5170,3,3,m
3m_8454,3,3,m
1m_1209,1,1,m
5f_2431,5,5,f
1f_5871,1,1,f
5f_2357,2,5,f
4f_6556,4,4,f
1m_1221,1,1,m
4f_2042,4,4,f
3m_5158,3,3,m
2f_6035,3,2,f
4m_3363,4,4,m
2f_2247,2,2,f
3f_3258,3,3,f
3m_9819,2,3,m
4f_7927,5,4,f
4m_4424,4,4,m
2f_8756,2,2,f
4m_9114,5,4,m
3m_4497,3,3,m
5f_9389,5,5,f
5m_1107,5,5,m
2f_4839,2,2,f
4f_8433,3,4,f
3m_7175,3,3,m
5m_1852,5,5,m
4f_5103,4,4,f
1f_7874,1,1,f
3m_2757,3,3,m
3m_2031,3,3,m
4f_6436,1,4,f
3f_7957,3,3,f
4f_5881,3,4,f
4m_4395,4,4,m
1m_8371,1,1,m
1f_5508,1,1,f
2f_2737,2,2,f
5m_9771,5,5,m
1f_4170,1,1,f
4m_6031,5,4,m
5m_3260,2,5,m
1f_5252,1,1,f
2f_1564,2,2,f
1f_8776,1,1,f
3m_3844,3,3,m
1m_6823,1,1,m
4m_4632,4,4,m
4f_2491,5,4,f
2m_4557,2,2,m
1m_2476,1,1,m
5f_6535,4,5,f
3m_5206,3,3,m
2m_5675,2,2,m
5f_2009,5,5,f
1f_7486,1,1,f
4f_9275,4,4,f
2m_1361,3,2,m
2m_7710,2,2,m
1f_7492,1,1,f
3f_4084,2,3,f
2m_8435,2,2,m
4m_3836,4,4,m
2m_5111,2,2,m
5f_3473,1,5,f
4f_9511,4,4,f
4f_1159,2,4,f
1f_6956,1,1,f
3m_9358,3,3,m
1m_6612,1,1,m
2m_5893,2,2,m
4f_4009,2,4,f
1f_8774,1,1,f
1f_7447,1,1,f
4m_6755,4,4,m
1f_3147,1,1,f
3f_7558,3,3,f
2m_2859,2,2,m
2f_7659,2,2,f
1f_7309,1,1,f
4f_4237,5,4,f
3m_5984,3,3,m
1m_7054,1,1,m
4m_4383,4,4,m
4f_2134,4,4,f
1f_7692,1,1,f
3m_2741,3,3,m
3m_5748,3,3,m
3f_9950,3,3,f
1f_5913,1,1,f
4f_1373,4,4,f
5m_4928,2,5,m
4m_8591,4,4,m
3f_9944,3,3,f
2m_2332,3,2,m
4f_2685,4,4,f
2f_6779,5,2,f
5m_8121,5,5,m
5m_9217,3,5,m
4m_1204,3,4,m
4m_5062,4,4,m
3f_5603,3,3,f
4m_5076,3,4,m
1m_5870,1,1,m
4m_6219,4,4,m
3m_5628,3,3,m
5m_6911,5,5,m
5f_5412,3,5,f
3m_9760,3,3,m
4f_2040,5,4,f
5f_5406,4,5,f
4f_6540,4,4,f
2m_4623,2,2,m
3m_8456,3,3,m
3m_3517,3,3,m
5f_8678,5,5,f
3m_1466,3,3,m
4f_5920,4,4,f
1f_1354,1,1,f
2f_7275,2,2,f
4m_3229,4,4,m
3f_2742,3,3,f
5f_6872,4,5,f
4f_9868,4,4,f
1f_5654,1,1,f
1f_2113,1,1,f
5m_6736,1,5,m
5f_1847,1,5,f
2f_9264,5,2,f
1f_6361,1,1,f
4m_8340,4,4,m
4f_7879,4,4,f
5f_6696,4,5,f
2f_8387,2,2,f
1m_8005,1,1,m
1m_1747,1,1,m
1m_2266,1,1,m
4f_5505,4,4,f
1f_3972,1,1,f
5m_2949,5,5,m
1f_1803,1,1,f
1f_9293,1,1,f
3m_9238,3,3,m
4f_6018,4,4,f
5m_5001,2,5,m
1f_5442,1,1,f
4m_6147,4,4,m
4m_1628,4,4,m
5m_9149,5,5,m
5f_9943,1,5,f
5f_8485,2,5,f
4f_1788,4,4,f
2m_8596,2,2,m
3f_5549,3,3,f
4f_1950,4,4,f
4m_8618,4,4,m
1m_1974,1,1,m
1f_9244,1,1,f
5m_2020,5,5,m
4m_3017,2,4,m
5m_1529,1,5,m
3f_8051,3,3,f
2m_6587,2,2,m
5m_6247,2,5,m
2m_2086,2,2,m
5m_4336,4,5,m
3f_3677,4,3,f
2f_1349,2,2,f
4f_3808,4,4,f
4f_6780,4,4,f
4m_4745,4,4,m
5m_5014,5,5,m
2f_5661,4,2,f
4m_2446,3,4,m
2m_8583,2,2,m
2f_1413,2,2,f
1m_3186,1,1,m
2f_5113,2,2,f
3m_1665,3,3,m
1f_8832,1,1,f
2f_7089,2,2,f
2f_4580,4,2,f
3m_1103,3,3,m
3m_3066,3,3,m
3m_2378,3,3,m
2m_1558,2,2,m
1m_4158,1,1,m
4m_4786,4,4,m
2m_6579,2,2,m
4m_8802,3,4,m
1f_3797,1,1,f
4m_3943,2,4,m
1f_2660,1,1,f
3f_6519,3,3,f
4f_2900,4,4,f
2m_2290,2,2,m
4m_1417,5,4,m
1f_9047,1,1,f
3f_8246,3,3,f
5f_2383,2,5,f
2m_4187,4,2,m
4m_2888,4,4,m
1f_1355,1,1,f
1m_2930,1,1,m
4f_7688,4,4,f
1f_5899,1,1,f
3f_9602,3,3,f
2f_8635,2,2,f
1f_1341,1,1,f
3m_4292,3,3,m
4m_2644,4,4,m
4f_8236,4,4,f
3m_4279,3,3,m
2m_5528,3,2,m
5f_2432,5,5,f
2f_8806,5,2,f
1m_6565,1,1,m
3m_9991,3,3,m
4f_1548,4,4,f
3m_9775,3,3,m
1m_7121,1,1,m
2m_8742,2,2,m
5m_6910,5,5,m
2m_3950,2,2,m
2f_4635,2,2,f
1f_6200,1,1,f
2m_4795,2,2,m
4m_5705,4,4,m
4m_9881,4,4,m
1f_8211,1,1,f
3m_2797,3,3,m
3m_7604,3,3,m
2m_3993,2,2,m
4m_9856,5,4,m
2m_2333,2,2,m
5f_2234,5,5,f
5m_8685,2,5,m
3m_5985,3,3,m
4m_5922,2,4,m
1m_1342,1,1,m
5f_4679,5,5,f
2m_5845,3,2,m
2f_7880,2,2,f
1f_2270,1,1,f
1f_9443,1,1,f
4m_6768,5,4,m
4f_8801,4,4,f
2m_9925,2,2,m
4m_5249,4,4,m
2m_9931,2,2,m
3m_3853,4,3,m
4m_1985,4,4,m
1f_1751,1,1,f
5m_2196,4,5,m
1f_8946,1,1,f
4f_8140,3,4,f
3m_8721,3,3,m
5f_4447,2,5,f
3m_5563,3,3,m
4f_1170,5,4,f
4f_7501,4,4,f
4f_4020,4,4,f
2f_8594,2,2,f
4m_1952,3,4,m
1f_1792,1,1,f
5m_6486,1,5,m
3m_3670,3,3,m
1m_9242,1,1,m
1f_9484,1,1,f
4f_3987,3,4,f
3f_6858,3,3,f
3f_2380,3,3,f
5f_7176,5,5,f
4m_3827,4,4,m
3m_9375,3,3,m
5f_5013,5,5,f
2f_4341,1,2,f
2m_2848,2,2,m
2f_6224,2,2,f
2f_8209,2,2,f
2m_2690,2,2,m
4m_2278,4,4,m
1f_2274,1,1,f
1f_6984,1,1,f
1f_5255,1,1,f
4f_6182,1,4,f
2f_1577,2,2,f
5m_1302,5,5,m
4m_9477,3,4,m
4m_9311,4,4,m
1f_8003,1,1,f
2f_1211,2,2,f
1m_4564,1,1,m
3m_8241,3,3,m
2f_3823,1,2,f
4f_5662,5,4,f
1m_2129,1,1,m
4f_8408,3,4,f
4m_1598,4,4,m
2m_8626,2,2,m
5m_8859,2,5,m
1f_6562,1,1,f
4m_2708,5,4,m
2m_1831,2,2,m
2m_1825,2,2,m
4m_5073,4,4,m
1f_2710,1,1,f
5m_9560,5,5,m
4m_8219,4,4,m
1f_7126,1,1,f
1f_3340,1,1,f
1f_3354,1,1,f
3f_8478,3,3,f
2f_7462,4,2,f
2f_7304,2,2,f
5m_7571,5,5,m
2m_2531,2,2,m
1f_9080,1,1,f
2m_2525,2,2,m
4f_2079,3,4,f
4f_6237,3,4,f
1m_8216,1,1,m
3m_8309,3,3,m
5f_3700,4,5,f
5f_8127,4,5,f
3m_2630,3,3,m
4f_5919,4,4,f
1f_4201,1,1,f
2m_1951,2,2,m
5m_2227,5,5,m
4m_9073,4,4,m
2f_8631,2,2,f
1f_1437,1,1,f
2f_7516,2,2,f
2f_4779,2,2,f
4f_2509,2,4,f
4m_6803,3,4,m
3m_5361,3,3,m
4f_7465,4,4,f
2f_9936,2,2,f
5f_7764,5,5,f
2m_7677,2,2,m
3m_5349,4,3,m
3m_4043,3,3,m
5f_3270,5,5,f
4f_6021,2,4,f
4m_4782,2,4,m
2m_9128,2,2,m
1m_7455,1,1,m
2f_6422,2,2,f
2m_2096,2,2,m
4m_1177,4,4,m
1f_6600,1,1,f
1f_2328,1,1,f
5m_1262,3,5,m
2f_6378,2,2,f
1f_3988,1,1,f
3f_4646,3,3,f
5m_5004,5,5,m
2m_9855,2,2,m
4m_1639,4,4,m
3f_2545,4,3,f
1m_4820,1,1,m
4f_4192,2,4,f
3m_3088,3,3,m
5f_8495,3,5,f
1m_4834,1,1,m
3m_4095,3,3,m
4m_9516,5,4,m
1f_4016,1,1,f
4m_9258,4,4,m
4m_3013,4,4,m
1f_2301,1,1,f
1m_8954,1,1,m
1f_6173,1,1,f
4m_5310,4,4,m
1f_3786,1,1,f
2m_1213,2,2,m
4m_8807,4,4,m
3m_6133,3,3,m
5f_8442,3,5,f
4m_6180,4,4,m
2m_3410,2,2,m
2f_2692,2,2,f
1f_1813,1,1,f
1f_8189,1,1,f
3m_4718,3,3,m
1f_2659,1,1,f
2m_3809,2,2,m
3m_4297,3,3,m
4m_7739,3,4,m
2f_3765,2,2,f
4m_9072,4,4,m
2f_4022,2,2,f
1f_8348,1,1,f
1f_2665,1,1,f
5m_3892,5,5,m
4m_3205,4,4,m
1m_5041,1,1,m
3m_7991,3,3,m
1m_3342,1,1,m
4f_2736,4,4,f
1f_4599,1,1,f
2m_9317,3,2,m
3m_8446,4,3,m
4f_5065,4,4,f
4m_9112,4,4,m
3m_4491,3,3,m
4f_7935,4,4,f
3m_7826,3,3,m
5f_1089,4,5,f
2f_4156,2,2,f
4m_7665,4,4,m
2f_1748,2,2,f
4m_5066,4,4,m
4m_2709,4,4,m
1f_9888,1,1,f
2f_1984,2,2,f
5m_4904,5,5,m
3m_2023,3,3,m
1f_2936,1,1,f
3f_5820,3,3,f
4m_7856,4,4,m
4f_2124,2,4,f
3f_2815,3,3,f
1m_6400,1,1,m
4m_2906,2,4,m
1f_9693,1,1,f
3m_1264,3,3,m
3m_1502,3,3,m
4f_6418,2,4,f
2f_8963,2,2,f
1f_1026,1,1,f
4f_4958,1,4,f
1f_6991,1,1,f
2f_3361,2,2,f
5m_3272,2,5,m
1f_1740,1,1,f
5m_7000,5,5,m
3m_1927,3,3,m
3f_2342,3,3,f
1f_4162,1,1,f
5f_2782,5,5,f
1f_4604,1,1,f
4m_4608,4,4,m
4m_5502,3,4,m
4f_6801,3,4,f
5m_4535,3,5,m
5f_3488,5,5,f
1f_6761,1,1,f
4m_3615,4,4,m
1f_1783,1,1,f
1m_5337,1,1,m
4f_1149,4,4,f
5f_7611,2,5,f
1f_1797,1,1,f
2m_3202,2,2,m
3m_4122,3,3,m
3m_7403,3,3,m
2m_6352,4,2,m
4f_5307,4,4,f
2f_6580,2,2,f
2f_6594,2,2,f
2m_1429,2,2,m
4f_8637,4,4,f
1f_3802,1,1,f
3m_1066,3,3,m
1m_3008,1,1,m
2m_5129,2,2,m
4f_3004,3,4,f
5f_7149,4,5,f
1m_6614,1,1,m
3f_3937,3,3,f
1f_1781,1,1,f
3m_4134,3,3,m
4f_2330,2,4,f
4f_4999,3,4,f
1m_4981,1,1,m
2m_5671,2,2,m
3m_9362,3,3,m
3f_4094,3,3,f
1f_5518,1,1,f
4f_4966,4,4,f
1f_1018,1,1,f
5m_2634,5,5,m
2f_9100,2,2,f
4m_1000,4,4,m
3f_8137,3,3,f
5m_9013,2,5,m
5f_2794,2,5,f
2m_5856,2,2,m
3m_1919,3,3,m
3f_3704,3,3,f
2f_7663,3,2,f
4m_4636,4,4,m
1f_5524,1,1,f
4m_9474,4,4,m
1f_3141,1,1,f
1m_4573,1,1,m
2f_6958,2,2,f
3f_9956,3,3,f
1m_2670,1,1,m
4m_2938,5,4,m
1f_7694,1,1,f
2m_5301,3,2,m
3f_4282,3,3,f
5m_4906,5,5,m
4m_5925,4,4,m
5f_1060,5,5,f
1f_3380,1,1,f
4m_2092,3,4,m
2f_8785,2,2,f
4f_9098,4,4,f
1f_6213,1,1,f
5m_6136,5,5,m
3m_8281,3,3,m
5f_8905,3,5,f
1f_5040,1,1,f
1f_3357,1,1,f
4m_4420,4,4,m
2f_7313,2,2,f
4f_3364,4,4,f
3m_4518,3,3,m
5m_6081,5,5,m
1f_9083,1,1,f
3m_6455,3,3,m
1f_7938,1,1,f
1f_7086,1,1,f
4f_1229,4,4,f
4m_5851,4,4,m
2m_5261,2,2,m
1f_9732,1,1,f
5m_9417,5,5,m
4f_2907,2,4,f
2f_9504,2,2,f
3m_2800,3,3,m
1f_2673,1,1,f
5m_4127,3,5,m
3m_7950,3,3,m
5f_8681,4,5,f
1m_5080,1,1,m
5m_3674,5,5,m
3f_2036,3,3,f
1f_6818,1,1,f
4f_4609,3,4,f
4f_5503,4,4,f
2f_2684,2,2,f
1m_5533,1,1,m
4f_3628,5,4,f
4m_8144,4,4,m
5f_5825,2,5,f
2m_7847,2,2,m
3m_6864,3,3,m
1m_1972,5,1,m
5m_4443,5,5,m
1m_6953,1,1,m
1f_4996,1,1,f
3m_1689,3,3,m
3f_4123,2,3,f
3m_4929,3,3,m
3f_3895,3,3,f
2f_5115,2,2,f
5m_3305,5,5,m
3m_1844,3,3,m
2f_7716,2,2,f
4m_7504,2,4,m
2f_6346,2,2,f
1f_5479,1,1,f
1f_2316,1,1,f
2m_2080,2,2,m
1f_9257,1,1,f
4f_2537,2,4,f
4m_3951,4,4,m
4m_8804,4,4,m
4m_3979,2,4,m
2m_2057,4,2,m
5f_9777,5,5,f
2f_2849,2,2,f
5m_4495,5,5,m
2f_2478,2,2,f
3f_7629,3,3,f
1f_8405,1,1,f
2m_9499,2,2,m
1f_3544,1,1,f
5m_5576,5,5,m
2f_3772,2,2,f
4f_9847,4,4,f
5f_6685,2,5,f
2f_2444,2,2,f
5f_1854,5,5,f
1f_2672,1,1,f
5m_4132,1,5,m
3m_9798,3,3,m
5f_8864,2,5,f
1m_5730,1,1,m
3m_4243,3,3,m
4f_5728,1,4,f
1m_7133,1,1,m
2f_3969,2,2,f
4f_6547,4,4,f
5m_4873,5,5,m
3m_9001,3,3,m
2m_3163,2,2,m
2f_3941,2,2,f
3m_8337,3,3,m
3f_9823,3,3,f
2m_4624,2,2,m
5f_8119,5,5,f
4m_8384,3,4,m
5f_8938,5,5,f
5f_9398,4,5,f
3f_4526,3,3,f
1f_8565,1,1,f
4f_4581,3,4,f
5m_8126,5,5,m
1f_2060,1,1,f
3m_2961,3,3,m
1f_8559,1,1,f
5m_4046,5,5,m
1f_2074,1,1,f
5m_9204,3,5,m
3m_2034,3,3,m
1f_5928,1,1,f
1f_7681,1,1,f
5f_7362,1,5,f
3f_4283,3,3,f
1f_5914,1,1,f
3f_9957,3,3,f
2m_3981,2,2,m
4m_9844,5,4,m
3m_6508,3,3,m
1f_7871,1,1,f
4f_4218,4,4,f
2m_2335,2,2,m
4f_3577,4,4,f
2f_3821,2,2,f
1f_3626,1,1,f
1f_1031,1,1,f
1f_8773,1,1,f
4f_3946,5,4,f
4m_4637,4,4,m
1f_8001,1,1,f
2f_8551,1,2,f
5m_6309,2,5,m
1f_7454,1,1,f
4f_4973,4,4,f
2f_4343,3,2,f
2m_6392,2,2,m
5f_4496,4,5,f
3f_1660,3,3,f
2m_5116,2,2,m
1f_5294,1,1,f
4m_3831,4,4,m
2m_8354,2,2,m
5f_1277,4,5,f
4f_9502,4,4,f
1f_6951,1,1,f
5f_4469,5,5,f
1f_6789,1,1,f
2f_7689,2,2,f
3m_3114,3,3,m
3m_5571,3,3,m
3m_2578,3,3,m
1f_8940,1,1,f
1f_3815,1,1,f
1m_7506,1,1,m
2m_3224,2,2,m
5f_1520,5,5,f
1f_5299,1,1,f
2m_6412,2,2,m
4f_7536,3,4,f
2f_2918,1,2,f
3m_3125,3,3,m
2m_2106,3,2,m
1m_4741,1,1,m
1f_5266,1,1,f
4f_9282,4,4,f
2f_3421,2,2,f
3f_3708,3,3,f
2f_3435,2,2,f
4f_3793,3,4,f
1m_3947,1,1,m
3f_5345,3,3,f
2m_9090,2,2,m
4m_1024,4,4,m
3f_7220,3,3,f
2f_4400,2,2,f
1f_2521,1,1,f
2m_3032,2,2,m
4f_2116,3,4,f
5m_3081,5,5,m
1m_8423,1,1,m
3m_6539,3,3,m
5m_3903,3,5,m
2m_9251,2,2,m
5m_2348,5,5,m
3m_9193,3,3,m
4m_4376,4,4,m
1f_5064,1,1,f
1f_9886,1,1,f
4m_9646,4,4,m
3f_5609,3,3,f
5m_1655,4,5,m
2f_9454,2,2,f
5m_2412,5,5,m
4m_1226,4,4,m
2m_1989,2,2,m
3m_4266,3,3,m
3m_8448,3,3,m
2m_5245,2,2,m
4m_9929,4,4,m
5m_5584,5,5,m
2m_4615,2,2,m
4f_4349,5,4,f
5f_8882,2,5,f
5f_9544,5,5,f
1f_7934,1,1,f
4f_5043,5,4,f
1f_7707,1,1,f
4m_8438,4,4,m
1f_3575,1,1,f
5f_1695,5,5,f
5f_8869,2,5,f
2m_1976,2,2,m
4m_4558,4,4,m
3f_1533,3,3,f
3f_7156,3,3,f
1m_8027,1,1,m
3m_4064,3,3,m
2m_1553,2,2,m
5m_5786,5,5,m
5f_7743,2,5,f
3m_5408,3,3,m
2m_4359,2,2,m
3f_8098,3,3,f
3m_8892,3,3,m
3m_1108,3,3,m
1f_1821,1,1,f
2m_5090,4,2,m
4m_1178,4,4,m
2m_2927,2,2,m
1f_3763,1,1,f
3m_6868,3,3,m
4m_4000,4,4,m
1f_3011,1,1,f
3f_5219,3,3,f
5f_3280,5,5,f
4f_5296,4,4,f
4m_3035,4,4,m
1f_4742,1,1,f
3m_3938,3,3,m
3m_7586,3,3,m
1f_9267,1,1,f
5m_6271,5,5,m
3m_1848,3,3,m
3f_5224,3,3,f
1f_4743,1,1,f
5m_6517,5,5,m
3m_8878,3,3,m
1f_2326,1,1,f
1f_1161,1,1,f
5m_9618,5,5,m
4m_2464,4,4,m
5m_2981,5,5,m
1f_3762,1,1,f
4m_9243,4,4,m
5f_5169,4,5,f
3m_3044,3,3,m
1m_4152,1,1,m
4f_3157,1,4,f
5m_7812,4,5,m
2m_9898,2,2,m
2m_9640,3,2,m
3m_7550,3,3,m
2m_9654,2,2,m
5f_4263,2,5,f
3m_2366,3,3,m
5f_7742,3,5,f
3f_3872,3,3,f
4f_9320,4,4,f
3m_2414,3,3,m
4f_7319,3,4,f
4f_8994,4,4,f
1f_3548,1,1,f
4f_7696,4,4,f
2f_9535,4,2,f
1f_4555,1,1,f
3m_7961,3,3,m
1f_3212,1,1,f
4m_4571,4,4,m
4f_7866,4,4,f
3m_5804,3,3,m
1f_1377,1,1,f
3m_9958,3,3,m
2f_3030,2,2,f
2m_9442,2,2,m
5f_2362,4,5,f
1m_9674,1,1,m
1m_2053,1,1,m
4f_8214,2,4,f
4f_4406,4,4,f
2m_1022,2,2,m
2m_2259,2,2,m
4f_8228,4,4,f
2f_6014,2,2,f
3m_5958,3,3,m
1f_9105,1,1,f
4f_1387,4,4,f
5m_9546,5,5,m
2m_3782,2,2,m
3f_1308,3,3,f
1f_7100,1,1,f
1f_8233,1,1,f
1f_4409,1,1,f
1f_8227,1,1,f
5f_5592,2,5,f
5m_6649,5,5,m
5m_3731,5,5,m
4f_3547,4,4,f
3m_1525,3,3,m
1f_2093,1,1,f
4f_3553,2,4,f
5m_4937,5,5,m
2f_7493,2,2,f
4f_4214,4,4,f
2m_7255,2,2,m
3f_4728,2,3,f
1f_3164,1,1,f
3m_8924,3,3,m
1m_8191,1,1,m
5m_9778,5,5,m
3m_1914,3,3,m
4f_1152,3,4,f
2m_9052,2,2,m
5f_2014,5,5,f
1f_4186,1,1,f
4m_7483,4,4,m
1f_8964,1,1,f
1f_1798,1,1,f
2f_7861,2,2,f
4f_3779,3,4,f
1f_6975,1,1,f
2m_6349,2,2,m
5f_5745,5,5,f
5f_3452,2,5,f
1f_8782,1,1,f
4f_5450,3,4,f
3m_3132,3,3,m
4f_2459,4,4,f
1f_1956,1,1,f
3f_6698,3,3,f
4f_7521,2,4,f
4f_9518,2,4,f
5f_6502,3,5,f
3m_4649,3,3,m
1f_4184,1,1,f
1f_3833,1,1,f
3f_6101,3,3,f
3f_9554,3,3,f
2f_5053,2,2,f
2f_9669,1,2,f
3f_9540,3,3,f
5m_7757,5,5,m
1f_8999,1,1,f
1m_8193,1,1,m
4m_5269,4,4,m
4f_9281,4,4,f
4m_6748,2,4,m
5f_5962,5,5,f
3m_7397,3,3,m
5m_4510,5,5,m
2f_4365,2,2,f
4m_1755,4,4,m
1f_1759,1,1,f
2m_7914,3,2,m
2f_5709,1,2,f
3m_8259,3,3,m
4m_8598,4,4,m
2m_4038,2,2,m
5m_5381,4,5,m
3m_6506,3,3,m
5f_9369,3,5,f
2f_5292,2,2,f
2m_3019,2,2,m
4m_7697,5,4,m
1m_6357,1,1,m
5f_9341,5,5,f
5f_6066,5,5,f
4f_5120,2,4,f
1m_2643,1,1,m
3f_4272,3,3,f
1f_5715,1,1,f
3f_2165,3,3,f
1f_3416,1,1,f
4m_4375,4,4,m
1m_8391,1,1,m
1f_5067,1,1,f
1f_1201,1,1,f
4m_8201,4,4,m
1f_6220,1,1,f
1m_9919,1,1,m
2f_2516,2,2,f
2m_1815,2,2,m
3f_5150,3,3,f
3m_2953,4,3,m
4f_5685,3,4,f
3m_1296,3,3,m
4m_5731,2,4,m
2f_2502,2,2,f
1f_4423,1,1,f
1m_7101,1,1,m
5f_3056,5,5,f
2m_2273,2,2,m
4m_3585,4,4,m
3m_5621,3,3,m
2f_6638,2,2,f
1f_3562,1,1,f
1f_8437,1,1,f
5m_8074,1,5,m
3m_5806,3,3,m
1f_3204,1,1,f
4m_1345,4,4,m
5m_2565,5,5,m
3f_2039,3,3,f
1f_2898,1,1,f
5m_8048,3,5,m
2m_1222,2,2,m
5m_2954,4,5,m
4f_7469,4,4,f
2m_5722,3,2,m
3m_4715,3,3,m
2f_7095,2,2,f
4m_2499,4,4,m
3m_8675,3,3,m
1m_3159,1,1,m
4f_9478,4,4,f
4f_1030,4,4,f
5m_9197,2,5,m
1f_2481,1,1,f
2m_7690,2,2,m
3m_3907,3,3,m
1f_8621,1,1,f
2m_5939,2,2,m
5m_8262,1,5,m
4m_9255,4,4,m
1f_1605,1,1,f
5f_5180,4,5,f
1f_5311,1,1,f
3f_8064,3,3,f
3f_7357,3,3,f
4m_3744,4,4,m
2m_9681,2,2,m
4m_1621,4,4,m
5m_2001,5,5,m
1f_2324,1,1,f
2f_2674,4,2,f
1f_4755,1,1,f
4f_1795,4,4,f
1f_2442,1,1,f
2m_9695,2,2,m
1f_9517,1,1,f
3m_1687,3,3,m
3f_1055,3,3,f
1m_5298,1,1,m
2f_4562,2,2,f
4f_1794,4,4,f
2f_5668,2,2,f
5m_8539,4,5,m
5m_9627,5,5,m
2f_1368,2,2,f
4m_8176,4,4,m
3m_1693,3,3,m
3f_4139,3,3,f
5m_1535,5,5,m
2f_5126,2,2,f
3f_2206,3,3,f
1f_6619,1,1,f
4m_9532,4,4,m
2m_7691,2,2,m
4f_4149,4,4,f
5f_9022,3,5,f
3f_4688,3,3,f
2f_5873,2,2,f
2m_8213,2,2,m
2m_3346,2,2,m
2m_5051,2,2,m
4f_2262,4,4,f
2f_5683,1,2,f
5m_2799,3,5,m
5m_2955,5,5,m
1m_5515,1,1,m
4m_2895,4,4,m
4f_3381,3,4,f
4m_8360,3,4,m
3f_8515,3,3,f
4m_3221,4,4,m
2f_9536,2,2,f
4f_5082,4,4,f
4m_6359,5,4,m
1f_9066,1,1,f
3f_6504,3,3,f
2f_3999,2,2,f
1m_4421,1,1,m
4m_2856,2,4,m
3f_9804,3,3,f
5f_9234,2,5,f
5m_7385,2,5,m
2m_3144,2,2,m
5f_6885,4,5,f
5m_1119,5,5,m
2m_3971,2,2,m
1f_8218,1,1,f
2f_8984,2,2,f
1f_7881,1,1,f
1m_4582,1,1,m
2f_4600,2,2,f
5f_5591,5,5,f
1f_3371,1,1,f
1m_9930,1,1,m
2m_3781,2,2,m
2m_9247,2,2,m
5f_6701,3,5,f
5f_3679,3,5,f
2m_2312,2,2,m
1m_6430,1,1,m
4m_3396,4,4,m
4f_7044,4,4,f
1f_8581,1,1,f
4f_2100,4,4,f
4f_1409,4,4,f
1f_4620,1,1,f
4m_9308,4,4,m
4m_1032,4,4,m
3f_8105,3,3,f
1f_6989,1,1,f
2f_5708,4,2,f
1m_1820,1,1,m
4m_1768,4,4,m
3m_9393,3,3,m
3f_9555,3,3,f
1f_1770,2,1,f
3m_3127,3,3,m
5f_9630,4,5,f
2m_4207,2,2,m
5m_7971,2,5,m
1m_1175,1,1,m
5m_3295,5,5,m
3m_6063,3,3,m
4f_7508,4,4,f
4f_4001,4,4,f
3m_2563,3,3,m
2m_6438,2,2,m
2m_4549,2,2,m
1m_8623,1,1,m
3f_6845,3,3,f
5f_5768,5,5,f
4m_6942,4,4,m
2m_9727,4,2,m
5f_1268,4,5,f
4f_7518,4,4,f
2m_5135,2,2,m
5m_7785,5,5,m
1f_8793,1,1,f
5f_7143,5,5,f
5f_7625,5,5,f
5m_4515,5,5,m
1f_9472,1,1,f
4m_3635,5,4,m
3f_3054,3,3,f
1m_7299,1,1,m
5m_6470,5,5,m
1f_9300,1,1,f
2f_7655,2,2,f
3f_8897,3,3,f
5f_9807,4,5,f
4m_5278,4,4,m
1f_5274,1,1,f
1f_8750,1,1,f
3f_9237,3,3,f
2m_2699,2,2,m
2m_9900,2,2,m
4f_8824,4,4,f
2f_5056,4,2,f
3m_3335,3,3,m
4f_5125,2,4,f
4f_1343,4,4,f
4m_3386,4,4,m
4f_1425,3,4,f
5f_4674,5,5,f
1m_4551,1,1,m
4f_2662,4,4,f
4f_1419,3,4,f
1f_6543,1,1,f
5m_7578,5,5,m
4f_5694,4,4,f
2f_8980,2,2,f
3f_8471,3,3,f
1f_4426,1,1,f
4f_2689,2,4,f
1f_9102,1,1,f
4m_8576,4,4,m
2f_7331,1,2,f
5f_4847,5,5,f
4m_4364,4,4,m
1f_4368,1,1,f
4m_2067,4,4,m
4m_4416,4,4,m
2f_3962,2,2,f
1m_2732,1,1,m
5f_6117,2,5,f
3f_5948,3,3,f
2m_2504,2,2,m
2f_9283,2,2,f
4f_7108,4,4,f
2m_3632,2,2,m
1f_9923,1,1,f
1m_3404,1,1,m
5f_6659,1,5,f
4f_9657,4,4,f
5f_1644,5,5,f
5f_8847,5,5,f
2f_4002,2,2,f
5m_5569,5,5,m
4f_7685,4,4,f
3f_9169,3,3,f
2f_4764,2,2,f
1m_5908,1,1,m
4m_2107,4,4,m
4m_9046,4,4,m
4m_6413,4,4,m
5m_9409,3,5,m
5f_2167,2,5,f
2m_4363,2,2,m
4f_7444,4,4,f
4m_4947,3,4,m
2m_9135,2,2,m
5f_5634,5,5,f
2m_9848,2,2,m
3m_7594,3,3,m
1m_1944,1,1,m
2f_3209,2,2,f
3m_5383,3,3,m
5f_5807,4,5,f
3f_5237,3,3,f
4m_6163,4,4,m
5f_7786,3,5,f
1f_2309,1,1,f
1f_5466,1,1,f
4m_4012,4,4,m
4m_4006,4,4,m
3f_2564,3,3,f
1f_8156,1,1,f
1f_1614,1,1,f
1f_7502,1,1,f
1f_1615,1,1,f
1f_8157,1,1,f
4f_9497,4,4,f
2f_2894,2,2,f
5f_2827,5,5,f
4m_2462,4,4,m
4m_5325,4,4,m
2f_4567,2,2,f
4m_3754,4,4,m
2m_9849,4,2,m
1m_6794,1,1,m
2f_7708,2,2,f
1f_6146,1,1,f
3m_3095,3,3,m
2f_6402,2,2,f
4f_5285,4,4,f
1f_2334,1,1,f
2f_7091,4,2,f
3m_9547,3,3,m
1f_8180,1,1,f
4m_1816,4,4,m
1m_7461,1,1,m
1f_6813,1,1,f
3f_4855,3,3,f
4f_8010,2,4,f
4m_2489,4,4,m
1m_2257,1,1,m
1m_4140,1,1,m
4m_5480,4,4,m
5m_5971,5,5,m
4f_1020,4,4,f
5f_4517,3,5,f
4f_5520,4,4,f
1m_9316,1,1,m
1m_8008,1,1,m
3f_4699,3,3,f
2m_6575,2,2,m
5m_1732,5,5,m
3f_2015,3,3,f
1f_3572,1,1,f
1f_1365,1,1,f
2m_5281,2,2,m
4f_5093,4,4,f
1f_2122,1,1,f
3f_3323,3,3,f
4m_9709,4,4,m
2m_8941,3,2,m
4f_7848,4,4,f
5f_8661,1,5,f
3m_7768,3,3,m
5f_5423,5,5,f
1m_4418,1,1,m
4f_9642,4,4,f
5f_3720,4,5,f
1f_4590,1,1,f
5f_6670,2,5,f
2m_3169,2,2,m
1f_5842,1,1,f
5m_3051,5,5,m
4m_9133,2,4,m
3m_5976,3,3,m
4m_6566,5,4,m
5f_6089,1,5,f
2f_1741,1,2,f
3f_6307,3,3,f
4m_9127,4,4,m
5m_5434,2,5,m
5m_4716,5,5,m
2m_1811,2,2,m
1m_8430,1,1,m
1m_9048,1,1,m
1f_9842,1,1,f
3m_7608,3,3,m
5f_9379,5,5,f
2m_6159,2,2,m
2m_1636,2,2,m
3m_6258,2,3,m
1m_4236,1,1,m
3f_7794,3,3,f
5f_6062,4,5,f
4f_7041,4,4,f
2m_6165,2,2,m
3f_7569,3,3,f
1f_2268,1,1,f
3m_9396,3,3,m
1f_5507,1,1,f
1m_8829,1,1,m
4f_8831,4,4,f
1f_5275,1,1,f
5m_9742,5,5,m
1m_4791,1,1,m
4f_3794,4,4,f
2f_6576,2,2,f
1f_9315,1,1,f
2m_9097,2,2,m
1f_8786,1,1,f
2m_7737,2,2,m
2f_9862,2,2,f
2m_3223,2,2,m
2m_7045,2,2,m
1m_7515,1,1,m
3f_4909,3,3,f
4m_9480,2,4,m
2m_9726,2,2,m
3f_3096,3,3,f
3m_7422,3,3,m
4m_3185,2,4,m
3m_7350,3,3,m
3m_5547,3,3,m
3m_2228,3,3,m
1f_8976,1,1,f
4m_3187,4,4,m
4f_1630,3,4,f
5f_6276,5,5,f
2f_5900,2,2,f
5f_1531,5,5,f
2m_4228,2,2,m
4m_3811,4,4,m
4m_4818,4,4,m
2f_9860,2,2,f
3m_4854,3,3,m
1f_9303,1,1,f
1f_1987,1,1,f
4f_2488,4,4,f
1f_3148,1,1,f
2m_7912,2,2,m
3m_6925,3,3,m
1f_2524,1,1,f
1m_1827,2,1,m
1m_6190,1,1,m
4m_3636,4,4,m
3m_7391,3,3,m
4m_3178,4,4,m
4m_6000,2,4,m
2m_5687,2,2,m
5m_8462,5,5,m
1m_8195,1,1,m
1f_3606,1,1,f
4m_8987,4,4,m
4m_9441,2,4,m
4f_8833,4,4,f
4f_4238,3,4,f
4f_5132,4,4,f
4f_8358,3,4,f
3m_4471,3,3,m
5f_8065,1,5,f
1m_1402,1,1,m
5f_6048,2,5,f
1f_8592,1,1,f
5m_9542,4,5,m
1f_7892,1,1,f
2f_6004,2,2,f
3f_1442,3,3,f
1f_7138,1,1,f
2f_2510,2,2,f
5m_4072,4,5,m
4m_5045,5,4,m
1f_1207,1,1,f
3f_9744,3,3,f
1f_7104,1,1,f
4m_9643,4,4,m
5f_5582,4,5,f
4m_3408,2,4,m
5f_6114,4,5,f
2m_2507,2,2,m
1f_7925,1,1,f
5f_4065,2,5,f
4f_2729,5,4,f
4m_7915,3,4,m
5f_5421,5,5,f
5f_6128,1,5,f
2f_1186,2,2,f
1f_2875,1,1,f
2m_5240,2,2,m
3f_2759,3,3,f
2m_1973,2,2,m
3f_8506,3,3,f
2f_6602,2,2,f
1f_4223,1,1,f
1f_8419,1,1,f
2f_5445,2,2,f
2m_5297,2,2,m
4m_9723,5,4,m
4m_9045,4,4,m
2f_9519,2,2,f
1f_2108,1,1,f
3f_1278,3,3,f
5m_3655,4,5,m
4m_4944,4,4,m
2m_2063,3,2,m
2m_2705,2,2,m
4f_9318,4,4,f
2m_5718,2,2,m
1f_6193,1,1,f
3m_9223,3,3,m
2f_5684,2,2,f
3m_4061,3,3,m
1f_6811,1,1,f
4m_8830,5,4,m
2m_1542,2,2,m
2f_2841,2,2,f
4m_1627,4,4,m
3m_2389,3,3,m
3f_9368,3,3,f
5f_5810,1,5,f
1m_2282,1,1,m
2m_8599,2,2,m
4m_3742,4,4,m
4f_7490,3,4,f
4m_7242,3,4,m
3f_6729,3,3,f
1f_6150,1,1,f
1f_5471,1,1,f
4m_4763,4,4,m
5m_3443,1,5,m
4m_4011,4,4,m
5f_1492,5,5,f
2f_5653,2,2,f
1f_1165,1,1,f
3f_6073,3,3,f
5m_6249,3,5,m
4m_5469,4,4,m
4m_3018,4,4,m
4f_9481,2,4,f
4m_7519,2,4,m
2f_9068,2,2,f
1f_5302,1,1,f
4m_4010,4,4,m
4m_4776,4,4,m
2f_8404,3,2,f
4m_2313,2,4,m
2f_4570,2,2,f
5m_6274,2,5,m
1m_6783,1,1,m
1f_4752,1,1,f
2f_2115,2,2,f
3f_4895,3,3,f
2m_8567,2,2,m
4f_1779,4,4,f
2m_1225,2,2,m
5f_4528,2,5,f
3m_2363,3,3,m
3m_9222,3,3,m
4f_8749,4,4,f
3f_8088,3,3,f
1m_3176,1,1,m
1f_6804,1,1,f
2m_1219,2,2,m
2f_7904,2,2,f
2m_2076,2,2,m
1f_6186,1,1,f
4f_3146,4,4,f
2m_2704,2,2,m
4m_9050,4,4,m
1f_2109,1,1,f
4f_7877,5,4,f
1f_8424,1,1,f
1f_7703,1,1,f
4f_8588,5,4,f
4m_1418,4,4,m
2m_1966,2,2,m
3f_8261,3,3,f
4f_3393,3,4,f
1f_4222,1,1,f
3f_3334,3,3,f
1f_3559,1,1,f
2f_5478,2,2,f
2f_2471,2,2,f
2m_3630,2,2,m
3m_5168,3,3,m
2f_4955,2,2,f
2m_8981,4,2,m
4f_3350,3,4,f
3m_5140,3,3,m
1m_9103,1,1,m
3m_7031,3,3,m
2f_8821,1,2,f
5m_6880,5,5,m
2f_7333,2,2,f
5m_1123,5,5,m
1f_1206,1,1,f
4m_4414,4,4,m
2f_6987,2,2,f
1f_7111,1,1,f
2f_4160,2,2,f
3f_7026,3,3,f
2m_8836,2,2,m
2f_4606,2,2,f
1f_7893,1,1,f
2m_1635,2,2,m
4f_4211,4,4,f
4m_7860,5,4,m
4f_5133,3,4,f
1f_6596,1,1,f
2m_2472,2,2,m
5f_2207,3,5,f
4f_6348,2,4,f
4f_5127,4,4,f
4f_2890,4,4,f
2f_7131,3,2,f
5m_5153,5,5,m
2f_7657,2,2,f
4f_3973,4,4,f
3m_1911,4,3,m
3f_2374,3,3,f
5m_1321,3,5,m
4m_5246,4,4,m
3f_8117,3,3,f
1f_1992,1,1,f
4m_1746,3,4,m
2f_7119,1,2,f
2m_2658,2,2,m
3f_1872,3,3,f
1f_4815,1,1,f
5m_2199,5,5,m
2m_6358,2,2,m
4m_6954,5,4,m
5f_2011,1,5,f
5f_4460,3,5,f
4f_3998,4,4,f
3m_5236,3,3,m
5f_3426,5,5,f
5m_9901,5,5,m
1f_6095,1,1,f
1f_4682,1,1,f
4m_3687,4,4,m
3m_6758,3,3,m
2f_5972,3,2,f
1m_6135,1,1,m
1f_2581,1,1,f
4f_8672,3,4,f
4m_4842,4,4,m
4f_3914,5,4,f
3m_3813,4,3,m
1f_9403,1,1,f
4m_5235,4,4,m
1f_8709,1,1,f
1f_6724,1,1,f
5m_9054,2,5,m
1f_9826,1,1,f
2f_7383,2,2,f
4f_1440,4,4,f
5f_8995,5,5,f
2m_9226,1,2,m
5m_9295,5,5,m
1f_6283,1,1,f
3f_3582,3,3,f
5f_4605,4,5,f
4m_9631,5,4,m
4m_2002,2,4,m
3f_3569,3,3,f
3f_6411,3,3,f
4m_8249,4,4,m
1f_6268,1,1,f
4m_9143,4,4,m
2m_1691,2,2,m
2m_1849,2,2,m
3m_9682,3,3,m
5m_1150,5,5,m
4m_6516,4,4,m
4m_5037,4,4,m
2m_9583,2,2,m
5m_7509,4,5,m
1f_8279,1,1,f
5m_2303,5,5,m
3f_1430,3,3,f
3m_7693,3,3,m
4f_2773,3,4,f
1f_2813,1,1,f
5m_6978,2,5,m
3f_1593,3,3,f
2m_9434,3,2,m
1f_5832,1,1,f
1m_8508,1,1,m
3m_7042,3,3,m
1m_6525,1,1,m
1f_9749,1,1,f
2m_1929,2,2,m
5m_8014,4,5,m
3f_6571,3,3,f
2f_5379,2,2,f
2m_9391,2,2,m
5m_8982,4,5,m
3m_1396,3,3,m
2f_2833,3,2,f
5f_7734,4,5,f
4f_4114,4,4,f
2f_1484,2,2,f
2m_2987,4,2,m
5m_7858,4,5,m
4m_8856,2,4,m
1m_3663,1,1,m
1m_3893,1,1,m
3m_8601,3,3,m
4m_6853,4,4,m
2m_4306,2,2,m
3f_4825,3,3,f
2m_1518,2,2,m
5m_3343,5,5,m
3f_2267,3,3,f
5m_7643,5,5,m
4m_9553,4,4,m
1m_4871,1,1,m
4f_1905,4,4,f
2m_1281,2,2,m
2m_7828,2,2,m
2f_1335,2,2,f
1f_9239,1,1,f
2f_7744,2,2,f
1f_4735,1,1,f
4m_1127,4,4,m
1f_2422,1,1,f
4m_5341,5,4,m
1m_6082,1,1,m
2m_5965,2,2,m
3m_7283,3,3,m
4f_5586,4,4,f
2f_4516,2,2,f
1f_1658,1,1,f
3f_1021,3,3,f
4m_7231,4,4,m
2f_9026,5,2,f
5m_6548,5,5,m
5m_5727,5,5,m
1f_3067,1,1,f
4m_4704,4,4,m
2f_7989,2,2,f
1f_7201,1,1,f
5m_5055,5,5,m
1f_3932,1,1,f
4f_8061,4,4,f
4m_5397,4,4,m
4f_5545,4,4,f
4m_7580,4,4,m
5f_9724,5,5,f
2m_4475,2,2,m
4f_3120,5,4,f
1m_2232,1,1,m
2m_8529,2,2,m
3m_8628,3,3,m
4m_3902,4,4,m
1f_4913,1,1,f
3m_3769,3,3,m
5m_5519,5,5,m
2m_3871,2,2,m
1f_6447,1,1,f
2f_8106,3,2,f
4m_5618,2,4,m
4m_4506,4,4,m
2m_9347,2,2,m
1f_7956,1,1,f
2m_9353,2,2,m
2m_1041,2,2,m
5m_3829,5,5,m
1m_2018,1,1,m
2m_2548,3,2,m
3f_5910,3,3,f
4f_4288,4,4,f
1f_3339,1,1,f
3f_9079,3,3,f
1f_4324,1,1,f
4m_5988,3,4,m
3m_1591,3,3,m
3f_3554,3,3,f
1m_7969,1,1,m
3f_8429,3,3,f
2m_6841,2,2,m
1f_6269,1,1,f
1f_1506,1,1,f
4f_2809,5,4,f
2m_6100,2,2,m
1m_9763,1,1,m
1f_5953,1,1,f
2m_8893,2,2,m
1m_9011,1,1,m
5m_8820,1,5,m
1f_6296,1,1,f
3m_2073,3,3,m
5m_5492,5,5,m
1m_7772,1,1,m
5f_6985,4,5,f
5m_5109,4,5,m
4f_7583,3,4,f
1f_7349,1,1,f
4m_7345,2,4,m
1f_4898,1,1,f
2f_1240,2,2,f
3m_5244,4,3,m
1f_1937,1,1,f
2f_9191,2,2,f
3m_6759,3,3,m
3m_6981,3,3,m
5m_1390,4,5,m
3m_9324,3,3,m
3m_9330,3,3,m
3m_9456,3,3,m
4f_6106,3,4,f
5m_2843,5,5,m
4m_3874,4,4,m
2m_7750,2,2,m
4f_6674,4,4,f
2f_7814,2,2,f
5m_9094,1,5,m
2m_6472,2,2,m
4m_2217,4,4,m
4m_1078,4,4,m
3m_9483,3,3,m
5m_9719,4,5,m
2f_5030,2,2,f
5m_5645,5,5,m
1f_5548,1,1,f
3f_1631,5,3,f
2m_9782,2,2,m
1f_9366,1,1,f
4f_5382,4,4,f
1m_7770,1,1,m
5m_7287,4,5,m
1m_1315,1,1,m
4f_5619,4,4,f
2f_4879,4,2,f
4m_1285,5,4,m
5m_8188,4,5,m
1f_4483,1,1,f
4f_7754,4,4,f
4m_2940,4,4,m
3m_9859,3,3,m
1f_3461,1,1,f
3f_3218,3,3,f
5f_1959,5,5,f
1f_7161,1,1,f
5f_3828,5,5,f
5f_6944,2,5,f
4f_5802,4,4,f
3m_4399,3,3,m
5m_7278,2,5,m
4m_2983,4,4,m
2f_6061,3,2,f
1m_1513,1,1,m
2f_8879,3,2,f
1m_7610,1,1,m
2m_8073,2,2,m
1m_3310,1,1,m
2m_3640,2,2,m
4m_2820,2,4,m
1m_9615,1,1,m
2m_2204,3,2,m
3f_3387,3,3,f
1f_5164,1,1,f
1m_8292,1,1,m
2f_1652,2,2,f
4m_9034,4,4,m
4f_7813,4,4,f
5f_1187,1,5,f
1f_7767,1,1,f
4f_4498,1,4,f
1f_4246,1,1,f
1m_7823,1,1,m
2f_7579,4,2,f
3m_7928,3,3,m
1f_9776,1,1,f
1m_5211,1,1,m
5m_3397,5,5,m
5f_3237,5,5,f
5f_6401,4,5,f
3f_5286,3,3,f
4f_3650,3,4,f
4m_6850,4,4,m
2m_5769,2,2,m
5m_9679,2,5,m
4m_9550,4,4,m
5m_3432,5,5,m
4m_4074,3,4,m
4m_1118,4,4,m
1f_3065,1,1,f
5f_8389,5,5,f
2f_9024,2,2,f
2f_5178,2,2,f
2m_7802,2,2,m
2f_1479,2,2,f
1f_1129,1,1,f
4f_3686,4,4,f
2f_2616,2,2,f
1f_4723,1,1,f
4m_3726,3,4,m
4m_7568,4,4,m
4f_8937,4,4,f
4m_6110,4,4,m
2m_4489,3,2,m
3f_6771,3,3,f
1f_3070,1,1,f
5f_9914,5,5,f
2m_1283,4,2,m
3f_6017,3,3,f
3f_1793,3,3,f
5f_6372,2,5,f
4f_1052,3,4,f
3m_3024,4,3,m
1f_6849,1,1,f
2m_8516,2,2,m
4m_8840,2,4,m
2m_1532,2,2,m
4f_9817,5,4,f
1f_4247,1,1,f
3f_8204,3,3,f
2f_4071,3,2,f
3f_1208,3,3,f
2m_4853,2,2,m
1m_2972,1,1,m
1m_9827,1,1,m
4m_4505,4,4,m
1f_7766,1,1,f
4m_6460,5,4,m
5m_7457,5,5,m
3m_2879,3,3,m
4f_9181,4,4,f
2f_3722,2,2,f
5f_1192,4,5,f
4m_7018,3,4,m
5f_6170,2,5,f
1f_7799,1,1,f
2m_3669,2,2,m
1m_6241,1,1,m
2m_7369,2,2,m
3m_3226,3,3,m
3m_3568,3,3,m
3m_4213,3,3,m
1f_5818,1,1,f
4m_5814,5,4,m
5f_3801,3,5,f
1f_7148,1,1,f
4m_8511,4,4,m
4m_3450,2,4,m
1f_6524,1,1,f
3f_8416,3,3,f
2f_4105,3,2,f
4m_2000,2,4,m
5f_6945,2,5,f
5m_2329,5,5,m
3m_7120,3,3,m
5f_8997,2,5,f
1f_7821,1,1,f
5f_2276,5,5,f
4f_5156,4,4,f
1m_8330,1,1,m
3m_6564,3,3,m
1f_2965,1,1,f
3f_9091,3,3,f
5f_9479,2,5,f
3f_1624,3,3,f
4f_6852,2,4,f
1m_4085,1,1,m
3f_8172,3,3,f
4m_9419,4,4,m
3f_5456,3,3,f
1m_1843,1,1,m
2m_5185,2,2,m
2f_7140,2,2,f
5m_9718,4,5,m
1f_3676,1,1,f
1f_1713,1,1,f
5f_1582,2,5,f
4f_1873,3,4,f
2m_5191,2,2,m
1f_1075,1,1,f
1f_7404,1,1,f
2m_4264,4,2,m
4f_3057,4,4,f
3f_3796,3,3,f
3m_5535,3,3,m
5f_2706,5,5,f
2m_6301,2,2,m
5f_8217,2,5,f
1m_7573,1,1,m
3m_2272,3,3,m
4m_9380,4,4,m
1f_1908,1,1,f
4m_1904,3,4,m
3f_1817,3,3,f
3m_1025,3,3,m
1m_6655,1,1,m
2m_3269,2,2,m
1f_8900,1,1,f
4f_5422,4,4,f
3m_6010,3,3,m
4f_8648,1,4,f
5m_7094,5,5,m
5m_1383,4,5,m
1f_4135,1,1,f
4f_4933,4,4,f
1m_3936,1,1,m
2f_4303,2,2,f
4f_4099,3,4,f
3f_8604,3,3,f
4m_6712,2,4,m
3f_2467,3,3,f
3f_8638,3,3,f
2m_9963,2,2,m
3m_6979,3,3,m
3f_9240,3,3,f
4m_6289,2,4,m
4f_5152,3,4,f
1f_4492,1,1,f
3m_3424,3,3,m
4f_1446,4,4,f
1f_4486,1,1,f
5f_8763,5,5,f
2f_6931,2,2,f
3m_6574,3,3,m
3m_9647,3,3,m
3m_3418,3,3,m
1m_3261,1,1,m
5m_1181,5,5,m
2f_1092,2,2,f
3f_2881,3,3,f
4m_8267,4,4,m
1f_6246,1,1,f
3m_5096,3,3,m
2m_3916,2,2,m
2f_8049,2,2,f
5m_2311,5,5,m
1m_6480,1,1,m
1f_5983,1,1,f
4f_7962,4,4,f
4m_3468,4,4,m
4m_5019,4,4,m
2m_4089,2,2,m
3m_1435,3,3,m
4m_3285,4,4,m
4f_3331,4,4,f
2f_1870,2,2,f
1m_2037,1,1,m
4m_2831,5,4,m
2m_9432,2,2,m
1m_2751,1,1,m
4f_5032,3,4,f
4f_9620,4,4,f
3f_9687,3,3,f
3f_5917,3,3,f
4m_7975,4,4,m
1f_8492,1,1,f
3m_4203,3,3,m
3m_2114,3,3,m
2f_2404,2,2,f
1f_2154,1,1,f
4f_7194,2,4,f
5m_2517,2,5,m
5f_9290,2,5,f
5f_4978,1,5,f
4m_1445,4,4,m
2f_2410,2,2,f
4m_6302,4,4,m
5m_8006,5,5,m
5m_6995,5,5,m
4m_9757,4,4,m
1f_3504,1,1,f
3f_4374,3,3,f
1f_1475,1,1,f
1m_1728,1,1,m
4f_8700,4,4,f
2f_7965,2,2,f
2f_9790,3,2,f
3m_4983,3,3,m
4f_3899,4,4,f
4f_1056,4,4,f
4m_7593,4,4,m
1m_9348,1,1,m
3m_4773,3,3,m
4m_1860,2,4,m
1m_5200,1,1,m
4f_6088,4,4,f
3f_1998,3,3,f
2m_5963,2,2,m
2f_3518,2,2,f
2f_2606,2,2,f
1f_1893,1,1,f
5m_9132,5,5,m
1f_4055,1,1,f
2m_1287,2,2,m
3m_9280,3,3,m
1f_5410,1,1,f
1f_8652,1,1,f
5m_3422,5,5,m
3m_8835,3,3,m
2m_9802,1,2,m
5m_8563,5,5,m
3m_3960,3,3,m
1f_1892,1,1,f
3f_1033,3,3,f
4f_5594,2,4,f
4f_4852,4,4,f
3m_3948,3,3,m
3m_3784,3,3,m
5m_9641,1,5,m
3m_8809,3,3,m
1m_6708,1,1,m
1f_8849,1,1,f
1f_8691,1,1,f
2f_5829,2,2,f
5m_5084,5,5,m
5f_8414,3,5,f
1m_3894,1,1,m
1f_8875,1,1,f
2f_9791,2,2,f
2m_2016,4,2,m
1f_2394,1,1,f
3f_2062,3,3,f
5m_6980,5,5,m
1f_8336,1,1,f
1f_5612,1,1,f
4m_4500,3,4,m
2m_8936,2,2,m
2f_3069,2,2,f
1f_4530,1,1,f
4m_7035,5,4,m
3f_7640,3,3,f
5m_7308,5,5,m
1m_7172,1,1,m
2m_8705,2,2,m
4f_7142,4,4,f
3f_1594,3,3,f
1m_4321,1,1,m
5f_2475,3,5,f
1f_2182,1,1,f
1f_5821,1,1,f
3f_2089,3,3,f
1f_6509,1,1,f
1m_2817,1,1,m
2f_1044,2,2,f
5m_5331,2,5,m
3m_2920,3,3,m
3f_7052,3,3,f
5m_6176,3,5,m
1f_6253,1,1,f
2f_6703,2,2,f
5m_7268,5,5,m
3f_8413,3,3,f
1f_9612,1,1,f
3m_5068,3,3,m
4f_6314,4,4,f
3m_6561,3,3,m
1m_8335,1,1,m
3m_6207,3,3,m
5m_4952,5,5,m
2f_3848,2,2,f
4f_3278,4,4,f
5f_6001,5,5,f
2f_6918,2,2,f
1f_4487,1,1,f
3m_1540,3,3,m
3m_1971,3,3,m
4m_4676,4,4,m
1f_3115,1,1,f
5m_1427,5,5,m
1f_4108,1,1,f
5f_1587,5,5,f
1f_1070,1,1,f
2m_5194,2,2,m
5m_5655,5,5,m
1m_9598,1,1,m
4f_9594,4,4,f
4m_7343,4,4,m
4f_7591,5,4,f
5m_2112,5,5,m
1m_6683,1,1,m
3f_8163,3,3,f
4m_7425,2,4,m
3f_4995,3,3,f
4f_7585,4,4,f
2m_5816,2,2,m
2f_6515,2,2,f
5f_7647,5,5,f
2m_1325,4,2,m
3m_8996,3,3,m
4m_3864,4,4,m
5f_3347,1,5,f
3m_6777,3,3,m
3f_3963,3,3,f
4f_9557,2,4,f
3m_1756,3,3,m
4f_3734,2,4,f
5f_4372,5,5,f
1f_1925,1,1,f
4f_3052,4,4,f
3f_7293,3,3,f
1f_3854,1,1,f
2m_9745,4,2,m
1f_2592,1,1,f
2m_1319,2,2,m
1f_2586,1,1,f
4f_2358,4,4,f
3f_5486,3,3,f
3f_4940,3,3,f
2m_6474,2,2,m
3m_5254,3,3,m
1f_6090,1,1,f
2m_4511,2,2,m
4f_1653,4,4,f
3m_6007,3,3,m
3f_8834,3,3,f
5f_8562,5,5,f
1f_6906,1,1,f
5m_6410,4,5,m
4f_1684,4,4,f
2f_7609,2,2,f
4m_7355,3,4,m
3f_3746,3,3,f
4f_2399,4,4,f
3m_5283,3,3,m
5m_2892,5,5,m
1f_7417,1,1,f
4m_9436,5,4,m
3f_9525,3,3,f
3f_1179,3,3,f
1f_3117,1,1,f
4f_8844,2,4,f
5f_7686,5,5,f
2f_5022,2,2,f
1f_1714,1,1,f
4f_3905,4,4,f
4m_6711,4,4,m
3m_1556,3,3,m
3m_3341,3,3,m
1m_5149,1,1,m
4f_8307,4,4,f
4f_7034,2,4,f
3m_9678,3,3,m
4f_8313,3,4,f
4m_2952,4,4,m
5m_5482,2,5,m
2m_4049,2,2,m
4f_9031,4,4,f
3m_9122,2,3,m
3m_3382,3,3,m
3f_1347,3,3,f
2m_1864,2,2,m
4f_1486,4,4,f
4m_5998,4,4,m
1f_8268,1,1,f
4f_2825,4,4,f
4m_3319,2,4,m
5m_6148,5,5,m
4m_7619,4,4,m
4m_4310,4,4,m
5m_2448,5,5,m
2f_4658,2,2,f
5m_5333,5,5,m
3f_9733,3,3,f
1m_9940,1,1,m
2m_1694,2,2,m
3f_2921,3,3,f
3m_5644,3,3,m
4f_5743,4,4,f
3f_7695,3,3,f
1f_2802,1,1,f
3m_7709,3,3,m
5m_4824,5,5,m
3f_2909,4,3,f
2m_4868,2,2,m
4m_1452,4,4,m
1f_1476,1,1,f
5f_7296,1,5,f
4m_7779,4,4,m
1f_5604,1,1,f
2m_3478,4,2,m
3m_1620,3,3,m
2m_9155,2,2,m
3m_4994,3,3,m
2f_9793,2,2,f
2m_4465,2,2,m
1m_3672,1,1,m
4f_6074,4,4,f
1f_1648,1,1,f
4f_3695,3,4,f
5m_3420,2,5,m
2f_8300,1,2,f
5m_7646,5,5,m
1f_7205,1,1,f
1f_3063,1,1,f
1f_8644,1,1,f
1f_7577,1,1,f
5f_9912,4,5,f
2f_3240,2,2,f
2m_9801,2,2,m
1f_7562,1,1,f
5m_1236,5,5,m
4m_8885,4,4,m
4m_7208,4,4,m
3f_6993,3,3,f
4m_1889,2,4,m
4m_5351,4,4,m
2m_7810,2,2,m
5m_2717,4,5,m
1f_9573,1,1,f
1m_4685,1,1,m
3f_7441,3,3,f
2m_5975,3,2,m
2f_9976,2,2,f
2m_6529,2,2,m
5f_7056,5,5,f
3f_8955,3,3,f
2f_7797,2,2,f
1m_7415,1,1,m
4m_1692,4,4,m
4m_4932,4,4,m
4f_6049,4,4,f
2m_3479,2,2,m
4m_4098,4,4,m
4f_8716,5,4,f
4f_5232,4,4,f
1m_2551,1,1,m
5m_8762,2,5,m
2m_7390,2,2,m
5f_1194,5,5,f
1f_7012,1,1,f
1f_1463,1,1,f
3f_9652,3,3,f
4m_9027,3,4,m
4m_2614,4,4,m
5m_8038,5,5,m
3m_7085,3,3,m
4m_3250,4,4,m
3f_8570,3,3,f
4m_6328,4,4,m
1m_6290,1,1,m
1m_3303,1,1,m
2m_4882,2,2,m
2m_7347,3,2,m
1m_1266,1,1,m
2m_7421,2,2,m
3f_1583,3,3,f
1m_7159,1,1,m
4f_7155,3,4,f
1f_2195,1,1,f
1m_8518,1,1,m
1m_4444,1,1,m
2f_4659,2,2,f
4m_2774,4,4,m
2m_6844,2,2,m
4f_7960,4,4,f
5f_7491,2,5,f
1m_8493,1,1,m
2m_7596,3,2,m
5m_7531,5,5,m
4m_1527,4,4,m
4f_5839,4,4,f
4m_9609,2,4,m
5m_3780,4,5,m
5f_1745,2,5,f
3m_3368,3,3,m
1f_9188,1,1,f
3m_6204,2,3,m
5f_8775,5,5,f
4m_9190,4,4,m
4f_7021,2,4,f
3f_5849,3,3,f
4m_7181,2,4,m
5f_4173,4,5,f
4f_3535,4,4,f
2f_3863,2,2,f
3m_5057,4,3,m
5m_8825,5,5,m
5m_2139,2,5,m
4m_3668,4,4,m
3m_3803,3,3,m
1f_5567,1,1,f
1f_4889,1,1,f
4m_8067,4,4,m
1f_6046,1,1,f
3m_7495,3,3,m
4m_3898,4,4,m
3m_3181,3,3,m
2f_3491,2,2,f
1m_7207,1,1,m
4f_6115,3,4,f
3m_4611,3,3,m
3f_3974,3,3,f
3m_7330,3,3,m
5f_2072,1,5,f
2m_6475,2,2,m
4f_8662,4,4,f
